{"cameraMode":{"drawMode":0,"name":"Shaded","section":"Shading Mode"},"sceneLighting":true,"audioPlay":false,"sceneViewState":{"showFog":true,"showMaterialUpdate":false,"showSkybox":true,"showFlares":true,"showImageEffects":true,"showParticleSystems":true},"in2DMode":false,"pivot":{"x":0.5389750003814697,"y":1.8152722120285035,"z":-0.02623903751373291},"rotation":{"x":-0.6970766186714172,"y":0.00042846749420277774,"z":-0.00041634973604232073,"w":-0.7169964909553528},"size":1.3827459812164307,"orthographic":false}